Code,Indicator Name,Long definition,Source,Topic
NW.HCA.TO,Human capital (constant 2018 US$),"Human capital is computed as the present value of future earnings for the working population over their lifetimes. Values are measured at market exchange rates in constant 2018 US dollars, using a country-specific GDP deflator.","World Bank. 2021. The Changing Wealth of Nations 2021: Managing Assets for the Future. Washington, DC: World Bank. doi:10.1596/978-1-4648-1590-4.",Human capital
NW.HCA.PC,Human capital per capita (constant 2018 US$),"Human capital is computed as the present value of future earnings for the working population over their lifetimes. Values are measured at market exchange rates in constant 2018 US dollars, using a country-specific GDP deflator.","World Bank. 2021. The Changing Wealth of Nations 2021: Managing Assets for the Future. Washington, DC: World Bank. doi:10.1596/978-1-4648-1590-4.",Human capital
NW.HCA.FEMP.PC,"Human capital per capita, employed female (constant 2018 US$)","Human capital is computed as the present value of future earnings for the working population over their lifetimes. Values are measured at market exchange rates in constant 2018 US dollars, using a country-specific GDP deflator.","World Bank. 2021. The Changing Wealth of Nations 2021: Managing Assets for the Future. Washington, DC: World Bank. doi:10.1596/978-1-4648-1590-4.",Human capital
NW.HCA.MEMP.PC,"Human capital per capita, employed male (constant 2018 US$)","Human capital is computed as the present value of future earnings for the working population over their lifetimes. Values are measured at market exchange rates in constant 2018 US dollars, using a country-specific GDP deflator.","World Bank. 2021. The Changing Wealth of Nations 2021: Managing Assets for the Future. Washington, DC: World Bank. doi:10.1596/978-1-4648-1590-4.",Human capital
NW.HCA.FEMA.PC,"Human capital per capita, female (constant 2018 US$)","Human capital is computed as the present value of future earnings for the working population over their lifetimes. Values are measured at market exchange rates in constant 2018 US dollars, using a country-specific GDP deflator.","World Bank. 2021. The Changing Wealth of Nations 2021: Managing Assets for the Future. Washington, DC: World Bank. doi:10.1596/978-1-4648-1590-4.",Human capital
NW.HCA.MALE.PC,"Human capital per capita, male (constant 2018 US$)","Human capital is computed as the present value of future earnings for the working population over their lifetimes. Values are measured at market exchange rates in constant 2018 US dollars, using a country-specific GDP deflator.","World Bank. 2021. The Changing Wealth of Nations 2021: Managing Assets for the Future. Washington, DC: World Bank. doi:10.1596/978-1-4648-1590-4.",Human capital
NW.HCA.FSEM.PC,"Human capital per capita, self-employed female (constant 2018 US$)","Human capital is computed as the present value of future earnings for the working population over their lifetimes. Values are measured at market exchange rates in constant 2018 US dollars, using a country-specific GDP deflator.","World Bank. 2021. The Changing Wealth of Nations 2021: Managing Assets for the Future. Washington, DC: World Bank. doi:10.1596/978-1-4648-1590-4.",Human capital
NW.HCA.MSEM.PC,"Human capital per capita, self-employed male (constant 2018 US$)","Human capital is computed as the present value of future earnings for the working population over their lifetimes. Values are measured at market exchange rates in constant 2018 US dollars, using a country-specific GDP deflator.","World Bank. 2021. The Changing Wealth of Nations 2021: Managing Assets for the Future. Washington, DC: World Bank. doi:10.1596/978-1-4648-1590-4.",Human capital
NW.HCA.FEMP.TO,"Human capital, employed female (constant 2018 US$)","Human capital is computed as the present value of future earnings for the working population over their lifetimes. Values are measured at market exchange rates in constant 2018 US dollars, using a country-specific GDP deflator.","World Bank. 2021. The Changing Wealth of Nations 2021: Managing Assets for the Future. Washington, DC: World Bank. doi:10.1596/978-1-4648-1590-4.",Human capital
NW.HCA.MEMP.TO,"Human capital, employed male (constant 2018 US$)","Human capital is computed as the present value of future earnings for the working population over their lifetimes. Values are measured at market exchange rates in constant 2018 US dollars, using a country-specific GDP deflator.","World Bank. 2021. The Changing Wealth of Nations 2021: Managing Assets for the Future. Washington, DC: World Bank. doi:10.1596/978-1-4648-1590-4.",Human capital
NW.HCA.FEMA.TO,"Human capital, female (constant 2018 US$)","Human capital is computed as the present value of future earnings for the working population over their lifetimes. Values are measured at market exchange rates in constant 2018 US dollars, using a country-specific GDP deflator.","World Bank. 2021. The Changing Wealth of Nations 2021: Managing Assets for the Future. Washington, DC: World Bank. doi:10.1596/978-1-4648-1590-4.",Human capital
NW.HCA.MALE.TO,"Human capital, male (constant 2018 US$)","Human capital is computed as the present value of future earnings for the working population over their lifetimes. Values are measured at market exchange rates in constant 2018 US dollars, using a country-specific GDP deflator.","World Bank. 2021. The Changing Wealth of Nations 2021: Managing Assets for the Future. Washington, DC: World Bank. doi:10.1596/978-1-4648-1590-4.",Human capital
NW.HCA.FSEM.TO,"Human capital, self-employed female (constant 2018 US$)","Human capital is computed as the present value of future earnings for the working population over their lifetimes. Values are measured at market exchange rates in constant 2018 US dollars, using a country-specific GDP deflator.","World Bank. 2021. The Changing Wealth of Nations 2021: Managing Assets for the Future. Washington, DC: World Bank. doi:10.1596/978-1-4648-1590-4.",Human capital
NW.HCA.MSEM.TO,"Human capital, self-employed male (constant 2018 US$)","Human capital is computed as the present value of future earnings for the working population over their lifetimes. Values are measured at market exchange rates in constant 2018 US dollars, using a country-specific GDP deflator.","World Bank. 2021. The Changing Wealth of Nations 2021: Managing Assets for the Future. Washington, DC: World Bank. doi:10.1596/978-1-4648-1590-4.",Human capital
NW.NCA.TO,Natural capital (constant 2018 US$),"Natural capital includes the valuation of renewable and nonrenewable natural capital. Renewable natural capital includes agricultural land (cropland and pastureland), forests (timber, and three ecosystem services: water, recretion and non-wood forest products), protected areas, mangroves and fisheries. Nonrenewable natural capital includes fossil fuel energy (oil, gas, hard and soft coal) and minerals (bauxite, copper, gold, iron ore, lead, nickel, phosphate, silver, tin, and zinc),Values are measured at market exchange rates in constant 2018 US dollars, using a country-specific GDP deflator.","World Bank. 2021. The Changing Wealth of Nations 2021: Managing Assets for the Future. Washington, DC: World Bank. doi:10.1596/978-1-4648-1590-4.",Natural capital
NW.NCA.PC,Natural capital per capita (constant 2018 US$),"Natural capital includes the valuation of renewable and nonrenewable natural capital. Renewable natural capital includes agricultural land (cropland and pastureland), forests (timber, and three ecosystem services: water, recretion and non-wood forest products), protected areas, mangroves and fisheries. Nonrenewable natural capital includes fossil fuel energy (oil, gas, hard and soft coal) and minerals (bauxite, copper, gold, iron ore, lead, nickel, phosphate, silver, tin, and zinc),Values are measured at market exchange rates in constant 2018 US dollars, using a country-specific GDP deflator.","World Bank. 2021. The Changing Wealth of Nations 2021: Managing Assets for the Future. Washington, DC: World Bank. doi:10.1596/978-1-4648-1590-4.",Natural capital
NW.NCA.AGRI.PC,"Natural capital per capita, agricultural land (constant 2018 US$)","Natural capital includes the valuation of renewable and nonrenewable natural capital. Renewable natural capital includes agricultural land (cropland and pastureland), forests (timber, and three ecosystem services: water, recretion and non-wood forest products), protected areas, mangroves and fisheries. Nonrenewable natural capital includes fossil fuel energy (oil, gas, hard and soft coal) and minerals (bauxite, copper, gold, iron ore, lead, nickel, phosphate, silver, tin, and zinc),Values are measured at market exchange rates in constant 2018 US dollars, using a country-specific GDP deflator.","World Bank. 2021. The Changing Wealth of Nations 2021: Managing Assets for the Future. Washington, DC: World Bank. doi:10.1596/978-1-4648-1590-4.",Natural capital
NW.NCA.CROL.PC,"Natural capital per capita, agricultural land: cropland (constant 2018 US$)","Natural capital includes the valuation of renewable and nonrenewable natural capital. Renewable natural capital includes agricultural land (cropland and pastureland), forests (timber, and three ecosystem services: water, recretion and non-wood forest products), protected areas, mangroves and fisheries. Nonrenewable natural capital includes fossil fuel energy (oil, gas, hard and soft coal) and minerals (bauxite, copper, gold, iron ore, lead, nickel, phosphate, silver, tin, and zinc),Values are measured at market exchange rates in constant 2018 US dollars, using a country-specific GDP deflator.","World Bank. 2021. The Changing Wealth of Nations 2021: Managing Assets for the Future. Washington, DC: World Bank. doi:10.1596/978-1-4648-1590-4.",Natural capital
NW.NCA.PASL.PC,"Natural capital per capita, agricultural land: pastureland (constant 2018 US$)","Natural capital includes the valuation of renewable and nonrenewable natural capital. Renewable natural capital includes agricultural land (cropland and pastureland), forests (timber, and three ecosystem services: water, recretion and non-wood forest products), protected areas, mangroves and fisheries. Nonrenewable natural capital includes fossil fuel energy (oil, gas, hard and soft coal) and minerals (bauxite, copper, gold, iron ore, lead, nickel, phosphate, silver, tin, and zinc),Values are measured at market exchange rates in constant 2018 US dollars, using a country-specific GDP deflator.","World Bank. 2021. The Changing Wealth of Nations 2021: Managing Assets for the Future. Washington, DC: World Bank. doi:10.1596/978-1-4648-1590-4.",Natural capital
NW.NCA.FISH.PC,"Natural capital per capita, fisheries (constant 2018 US$)","Natural capital includes the valuation of renewable and nonrenewable natural capital. Renewable natural capital includes agricultural land (cropland and pastureland), forests (timber, and three ecosystem services: water, recretion and non-wood forest products), protected areas, mangroves and fisheries. Nonrenewable natural capital includes fossil fuel energy (oil, gas, hard and soft coal) and minerals (bauxite, copper, gold, iron ore, lead, nickel, phosphate, silver, tin, and zinc),Values are measured at market exchange rates in constant 2018 US dollars, using a country-specific GDP deflator.","World Bank. 2021. The Changing Wealth of Nations 2021: Managing Assets for the Future. Washington, DC: World Bank. doi:10.1596/978-1-4648-1590-4.",Natural capital
NW.NCA.FECO.PC,"Natural capital per capita, forests: ecosystem services (constant 2018 US$)","Natural capital includes the valuation of renewable and nonrenewable natural capital. Renewable natural capital includes agricultural land (cropland and pastureland), forests (timber, and three ecosystem services: water, recretion and non-wood forest products), protected areas, mangroves and fisheries. Nonrenewable natural capital includes fossil fuel energy (oil, gas, hard and soft coal) and minerals (bauxite, copper, gold, iron ore, lead, nickel, phosphate, silver, tin, and zinc),Values are measured at market exchange rates in constant 2018 US dollars, using a country-specific GDP deflator.","World Bank. 2021. The Changing Wealth of Nations 2021: Managing Assets for the Future. Washington, DC: World Bank. doi:10.1596/978-1-4648-1590-4.",Natural capital
NW.NCA.FTIM.PC,"Natural capital per capita, forests: timber (constant 2018 US$)","Natural capital includes the valuation of renewable and nonrenewable natural capital. Renewable natural capital includes agricultural land (cropland and pastureland), forests (timber, and three ecosystem services: water, recretion and non-wood forest products), protected areas, mangroves and fisheries. Nonrenewable natural capital includes fossil fuel energy (oil, gas, hard and soft coal) and minerals (bauxite, copper, gold, iron ore, lead, nickel, phosphate, silver, tin, and zinc),Values are measured at market exchange rates in constant 2018 US dollars, using a country-specific GDP deflator.","World Bank. 2021. The Changing Wealth of Nations 2021: Managing Assets for the Future. Washington, DC: World Bank. doi:10.1596/978-1-4648-1590-4.",Natural capital
NW.NCA.FOSL.PC,"Natural capital per capita, fossil fuels (constant 2018 US$)","Natural capital includes the valuation of renewable and nonrenewable natural capital. Renewable natural capital includes agricultural land (cropland and pastureland), forests (timber, and three ecosystem services: water, recretion and non-wood forest products), protected areas, mangroves and fisheries. Nonrenewable natural capital includes fossil fuel energy (oil, gas, hard and soft coal) and minerals (bauxite, copper, gold, iron ore, lead, nickel, phosphate, silver, tin, and zinc),Values are measured at market exchange rates in constant 2018 US dollars, using a country-specific GDP deflator.","World Bank. 2021. The Changing Wealth of Nations 2021: Managing Assets for the Future. Washington, DC: World Bank. doi:10.1596/978-1-4648-1590-4.",Natural capital
NW.NCA.MANG.PC,"Natural capital per capita, mangroves (constant 2018 US$)","Natural capital includes the valuation of renewable and nonrenewable natural capital. Renewable natural capital includes agricultural land (cropland and pastureland), forests (timber, and three ecosystem services: water, recretion and non-wood forest products), protected areas, mangroves and fisheries. Nonrenewable natural capital includes fossil fuel energy (oil, gas, hard and soft coal) and minerals (bauxite, copper, gold, iron ore, lead, nickel, phosphate, silver, tin, and zinc),Values are measured at market exchange rates in constant 2018 US dollars, using a country-specific GDP deflator.","World Bank. 2021. The Changing Wealth of Nations 2021: Managing Assets for the Future. Washington, DC: World Bank. doi:10.1596/978-1-4648-1590-4.",Natural capital
NW.NCA.SSOI.PC,"Natural capital per capita, nonrenewable assets (constant 2018 US$)","Natural capital includes the valuation of renewable and nonrenewable natural capital. Renewable natural capital includes agricultural land (cropland and pastureland), forests (timber, and three ecosystem services: water, recretion and non-wood forest products), protected areas, mangroves and fisheries. Nonrenewable natural capital includes fossil fuel energy (oil, gas, hard and soft coal) and minerals (bauxite, copper, gold, iron ore, lead, nickel, phosphate, silver, tin, and zinc),Values are measured at market exchange rates in constant 2018 US dollars, using a country-specific GDP deflator.","World Bank. 2021. The Changing Wealth of Nations 2021: Managing Assets for the Future. Washington, DC: World Bank. doi:10.1596/978-1-4648-1590-4.",Natural capital
NW.NCA.SACO.PC,"Natural capital per capita, nonrenewable assets: coal (constant 2018 US$)","Natural capital includes the valuation of renewable and nonrenewable natural capital. Renewable natural capital includes agricultural land (cropland and pastureland), forests (timber, and three ecosystem services: water, recretion and non-wood forest products), protected areas, mangroves and fisheries. Nonrenewable natural capital includes fossil fuel energy (oil, gas, hard and soft coal) and minerals (bauxite, copper, gold, iron ore, lead, nickel, phosphate, silver, tin, and zinc),Values are measured at market exchange rates in constant 2018 US dollars, using a country-specific GDP deflator.","World Bank. 2021. The Changing Wealth of Nations 2021: Managing Assets for the Future. Washington, DC: World Bank. doi:10.1596/978-1-4648-1590-4.",Natural capital
NW.NCA.SAGA.PC,"Natural capital per capita, nonrenewable assets: gas (constant 2018 US$)","Natural capital includes the valuation of renewable and nonrenewable natural capital. Renewable natural capital includes agricultural land (cropland and pastureland), forests (timber, and three ecosystem services: water, recretion and non-wood forest products), protected areas, mangroves and fisheries. Nonrenewable natural capital includes fossil fuel energy (oil, gas, hard and soft coal) and minerals (bauxite, copper, gold, iron ore, lead, nickel, phosphate, silver, tin, and zinc),Values are measured at market exchange rates in constant 2018 US dollars, using a country-specific GDP deflator.","World Bank. 2021. The Changing Wealth of Nations 2021: Managing Assets for the Future. Washington, DC: World Bank. doi:10.1596/978-1-4648-1590-4.",Natural capital
NW.NCA.MINR.PC,"Natural capital per capita, nonrenewable assets: minerals (constant 2018 US$)","Natural capital includes the valuation of renewable and nonrenewable natural capital. Renewable natural capital includes agricultural land (cropland and pastureland), forests (timber, and three ecosystem services: water, recretion and non-wood forest products), protected areas, mangroves and fisheries. Nonrenewable natural capital includes fossil fuel energy (oil, gas, hard and soft coal) and minerals (bauxite, copper, gold, iron ore, lead, nickel, phosphate, silver, tin, and zinc),Values are measured at market exchange rates in constant 2018 US dollars, using a country-specific GDP deflator.","World Bank. 2021. The Changing Wealth of Nations 2021: Managing Assets for the Future. Washington, DC: World Bank. doi:10.1596/978-1-4648-1590-4.",Natural capital
NW.NCA.SAOI.PC,"Natural capital per capita, nonrenewable assets: oil (constant 2018 US$)","Natural capital includes the valuation of renewable and nonrenewable natural capital. Renewable natural capital includes agricultural land (cropland and pastureland), forests (timber, and three ecosystem services: water, recretion and non-wood forest products), protected areas, mangroves and fisheries. Nonrenewable natural capital includes fossil fuel energy (oil, gas, hard and soft coal) and minerals (bauxite, copper, gold, iron ore, lead, nickel, phosphate, silver, tin, and zinc),Values are measured at market exchange rates in constant 2018 US dollars, using a country-specific GDP deflator.","World Bank. 2021. The Changing Wealth of Nations 2021: Managing Assets for the Future. Washington, DC: World Bank. doi:10.1596/978-1-4648-1590-4.",Natural capital
NW.NCA.PRAR.PC,"Natural capital per capita, protected areas (constant 2018 US$)","Natural capital includes the valuation of renewable and nonrenewable natural capital. Renewable natural capital includes agricultural land (cropland and pastureland), forests (timber, and three ecosystem services: water, recretion and non-wood forest products), protected areas, mangroves and fisheries. Nonrenewable natural capital includes fossil fuel energy (oil, gas, hard and soft coal) and minerals (bauxite, copper, gold, iron ore, lead, nickel, phosphate, silver, tin, and zinc),Values are measured at market exchange rates in constant 2018 US dollars, using a country-specific GDP deflator.","World Bank. 2021. The Changing Wealth of Nations 2021: Managing Assets for the Future. Washington, DC: World Bank. doi:10.1596/978-1-4648-1590-4.",Natural capital
NW.NCA.RNEW.PC,"Natural capital per capita, renewable (constant 2018 US$)","Natural capital includes the valuation of renewable and nonrenewable natural capital. Renewable natural capital includes agricultural land (cropland and pastureland), forests (timber, and three ecosystem services: water, recretion and non-wood forest products), protected areas, mangroves and fisheries. Nonrenewable natural capital includes fossil fuel energy (oil, gas, hard and soft coal) and minerals (bauxite, copper, gold, iron ore, lead, nickel, phosphate, silver, tin, and zinc),Values are measured at market exchange rates in constant 2018 US dollars, using a country-specific GDP deflator.","World Bank. 2021. The Changing Wealth of Nations 2021: Managing Assets for the Future. Washington, DC: World Bank. doi:10.1596/978-1-4648-1590-4.",Natural capital
NW.NCA.AGRI.TO,"Natural capital, agricultural land (constant 2018 US$)","Natural capital includes the valuation of renewable and nonrenewable natural capital. Renewable natural capital includes agricultural land (cropland and pastureland), forests (timber, and three ecosystem services: water, recretion and non-wood forest products), protected areas, mangroves and fisheries. Nonrenewable natural capital includes fossil fuel energy (oil, gas, hard and soft coal) and minerals (bauxite, copper, gold, iron ore, lead, nickel, phosphate, silver, tin, and zinc),Values are measured at market exchange rates in constant 2018 US dollars, using a country-specific GDP deflator.","World Bank. 2021. The Changing Wealth of Nations 2021: Managing Assets for the Future. Washington, DC: World Bank. doi:10.1596/978-1-4648-1590-4.",Natural capital
NW.NCA.CROL.TO,"Natural capital, agricultural land: cropland (constant 2018 US$)","Natural capital includes the valuation of renewable and nonrenewable natural capital. Renewable natural capital includes agricultural land (cropland and pastureland), forests (timber, and three ecosystem services: water, recretion and non-wood forest products), protected areas, mangroves and fisheries. Nonrenewable natural capital includes fossil fuel energy (oil, gas, hard and soft coal) and minerals (bauxite, copper, gold, iron ore, lead, nickel, phosphate, silver, tin, and zinc),Values are measured at market exchange rates in constant 2018 US dollars, using a country-specific GDP deflator.","World Bank. 2021. The Changing Wealth of Nations 2021: Managing Assets for the Future. Washington, DC: World Bank. doi:10.1596/978-1-4648-1590-4.",Natural capital
NW.NCA.PASL.TO,"Natural capital, agricultural land: pastureland (constant 2018 US$)","Natural capital includes the valuation of renewable and nonrenewable natural capital. Renewable natural capital includes agricultural land (cropland and pastureland), forests (timber, and three ecosystem services: water, recretion and non-wood forest products), protected areas, mangroves and fisheries. Nonrenewable natural capital includes fossil fuel energy (oil, gas, hard and soft coal) and minerals (bauxite, copper, gold, iron ore, lead, nickel, phosphate, silver, tin, and zinc),Values are measured at market exchange rates in constant 2018 US dollars, using a country-specific GDP deflator.","World Bank. 2021. The Changing Wealth of Nations 2021: Managing Assets for the Future. Washington, DC: World Bank. doi:10.1596/978-1-4648-1590-4.",Natural capital
NW.NCA.FISH.TO,"Natural capital, fisheries (constant 2018 US$)","Natural capital includes the valuation of renewable and nonrenewable natural capital. Renewable natural capital includes agricultural land (cropland and pastureland), forests (timber, and three ecosystem services: water, recretion and non-wood forest products), protected areas, mangroves and fisheries. Nonrenewable natural capital includes fossil fuel energy (oil, gas, hard and soft coal) and minerals (bauxite, copper, gold, iron ore, lead, nickel, phosphate, silver, tin, and zinc),Values are measured at market exchange rates in constant 2018 US dollars, using a country-specific GDP deflator.","World Bank. 2021. The Changing Wealth of Nations 2021: Managing Assets for the Future. Washington, DC: World Bank. doi:10.1596/978-1-4648-1590-4.",Natural capital
NW.NCA.FECO.TO,"Natural capital, forests: ecosystem services (constant 2018 US$)","Natural capital includes the valuation of renewable and nonrenewable natural capital. Renewable natural capital includes agricultural land (cropland and pastureland), forests (timber, and three ecosystem services: water, recretion and non-wood forest products), protected areas, mangroves and fisheries. Nonrenewable natural capital includes fossil fuel energy (oil, gas, hard and soft coal) and minerals (bauxite, copper, gold, iron ore, lead, nickel, phosphate, silver, tin, and zinc),Values are measured at market exchange rates in constant 2018 US dollars, using a country-specific GDP deflator.","World Bank. 2021. The Changing Wealth of Nations 2021: Managing Assets for the Future. Washington, DC: World Bank. doi:10.1596/978-1-4648-1590-4.",Natural capital
NW.NCA.FTIM.TO,"Natural capital, forests: timber (constant 2018 US$)","Natural capital includes the valuation of renewable and nonrenewable natural capital. Renewable natural capital includes agricultural land (cropland and pastureland), forests (timber, and three ecosystem services: water, recretion and non-wood forest products), protected areas, mangroves and fisheries. Nonrenewable natural capital includes fossil fuel energy (oil, gas, hard and soft coal) and minerals (bauxite, copper, gold, iron ore, lead, nickel, phosphate, silver, tin, and zinc),Values are measured at market exchange rates in constant 2018 US dollars, using a country-specific GDP deflator.","World Bank. 2021. The Changing Wealth of Nations 2021: Managing Assets for the Future. Washington, DC: World Bank. doi:10.1596/978-1-4648-1590-4.",Natural capital
NW.NCA.FOSL.TO,"Natural capital, fossil fuels (constant 2018 US$)","Natural capital includes the valuation of renewable and nonrenewable natural capital. Renewable natural capital includes agricultural land (cropland and pastureland), forests (timber, and three ecosystem services: water, recretion and non-wood forest products), protected areas, mangroves and fisheries. Nonrenewable natural capital includes fossil fuel energy (oil, gas, hard and soft coal) and minerals (bauxite, copper, gold, iron ore, lead, nickel, phosphate, silver, tin, and zinc),Values are measured at market exchange rates in constant 2018 US dollars, using a country-specific GDP deflator.","World Bank. 2021. The Changing Wealth of Nations 2021: Managing Assets for the Future. Washington, DC: World Bank. doi:10.1596/978-1-4648-1590-4.",Natural capital
NW.NCA.MANG.TO,"Natural capital, mangroves (constant 2018 US$)","Natural capital includes the valuation of renewable and nonrenewable natural capital. Renewable natural capital includes agricultural land (cropland and pastureland), forests (timber, and three ecosystem services: water, recretion and non-wood forest products), protected areas, mangroves and fisheries. Nonrenewable natural capital includes fossil fuel energy (oil, gas, hard and soft coal) and minerals (bauxite, copper, gold, iron ore, lead, nickel, phosphate, silver, tin, and zinc),Values are measured at market exchange rates in constant 2018 US dollars, using a country-specific GDP deflator.","World Bank. 2021. The Changing Wealth of Nations 2021: Managing Assets for the Future. Washington, DC: World Bank. doi:10.1596/978-1-4648-1590-4.",Natural capital
NW.NCA.SSOI.TO,"Natural capital, nonrenewable assets (constant 2018 US$)","Natural capital includes the valuation of renewable and nonrenewable natural capital. Renewable natural capital includes agricultural land (cropland and pastureland), forests (timber, and three ecosystem services: water, recretion and non-wood forest products), protected areas, mangroves and fisheries. Nonrenewable natural capital includes fossil fuel energy (oil, gas, hard and soft coal) and minerals (bauxite, copper, gold, iron ore, lead, nickel, phosphate, silver, tin, and zinc),Values are measured at market exchange rates in constant 2018 US dollars, using a country-specific GDP deflator.","World Bank. 2021. The Changing Wealth of Nations 2021: Managing Assets for the Future. Washington, DC: World Bank. doi:10.1596/978-1-4648-1590-4.",Natural capital
NW.NCA.SACO.TO,"Natural capital, nonrenewable assets: coal (constant 2018 US$)","Natural capital includes the valuation of renewable and nonrenewable natural capital. Renewable natural capital includes agricultural land (cropland and pastureland), forests (timber, and three ecosystem services: water, recretion and non-wood forest products), protected areas, mangroves and fisheries. Nonrenewable natural capital includes fossil fuel energy (oil, gas, hard and soft coal) and minerals (bauxite, copper, gold, iron ore, lead, nickel, phosphate, silver, tin, and zinc),Values are measured at market exchange rates in constant 2018 US dollars, using a country-specific GDP deflator.","World Bank. 2021. The Changing Wealth of Nations 2021: Managing Assets for the Future. Washington, DC: World Bank. doi:10.1596/978-1-4648-1590-4.",Natural capital
NW.NCA.SAGA.TO,"Natural capital, nonrenewable assets: gas (constant 2018 US$)","Natural capital includes the valuation of renewable and nonrenewable natural capital. Renewable natural capital includes agricultural land (cropland and pastureland), forests (timber, and three ecosystem services: water, recretion and non-wood forest products), protected areas, mangroves and fisheries. Nonrenewable natural capital includes fossil fuel energy (oil, gas, hard and soft coal) and minerals (bauxite, copper, gold, iron ore, lead, nickel, phosphate, silver, tin, and zinc),Values are measured at market exchange rates in constant 2018 US dollars, using a country-specific GDP deflator.","World Bank. 2021. The Changing Wealth of Nations 2021: Managing Assets for the Future. Washington, DC: World Bank. doi:10.1596/978-1-4648-1590-4.",Natural capital
NW.NCA.MINR.TO,"Natural capital, nonrenewable assets: minerals (constant 2018 US$)","Natural capital includes the valuation of renewable and nonrenewable natural capital. Renewable natural capital includes agricultural land (cropland and pastureland), forests (timber, and three ecosystem services: water, recretion and non-wood forest products), protected areas, mangroves and fisheries. Nonrenewable natural capital includes fossil fuel energy (oil, gas, hard and soft coal) and minerals (bauxite, copper, gold, iron ore, lead, nickel, phosphate, silver, tin, and zinc),Values are measured at market exchange rates in constant 2018 US dollars, using a country-specific GDP deflator.","World Bank. 2021. The Changing Wealth of Nations 2021: Managing Assets for the Future. Washington, DC: World Bank. doi:10.1596/978-1-4648-1590-4.",Natural capital
NW.NCA.SAOI.TO,"Natural capital, nonrenewable assets: oil (constant 2018 US$)","Natural capital includes the valuation of renewable and nonrenewable natural capital. Renewable natural capital includes agricultural land (cropland and pastureland), forests (timber, and three ecosystem services: water, recretion and non-wood forest products), protected areas, mangroves and fisheries. Nonrenewable natural capital includes fossil fuel energy (oil, gas, hard and soft coal) and minerals (bauxite, copper, gold, iron ore, lead, nickel, phosphate, silver, tin, and zinc),Values are measured at market exchange rates in constant 2018 US dollars, using a country-specific GDP deflator.","World Bank. 2021. The Changing Wealth of Nations 2021: Managing Assets for the Future. Washington, DC: World Bank. doi:10.1596/978-1-4648-1590-4.",Natural capital
NW.NCA.PRAR.TO,"Natural capital, protected areas (constant 2018 US$)","Natural capital includes the valuation of renewable and nonrenewable natural capital. Renewable natural capital includes agricultural land (cropland and pastureland), forests (timber, and three ecosystem services: water, recretion and non-wood forest products), protected areas, mangroves and fisheries. Nonrenewable natural capital includes fossil fuel energy (oil, gas, hard and soft coal) and minerals (bauxite, copper, gold, iron ore, lead, nickel, phosphate, silver, tin, and zinc),Values are measured at market exchange rates in constant 2018 US dollars, using a country-specific GDP deflator.","World Bank. 2021. The Changing Wealth of Nations 2021: Managing Assets for the Future. Washington, DC: World Bank. doi:10.1596/978-1-4648-1590-4.",Natural capital
NW.NCA.RNEW.TO,"Natural capital, renewable (constant 2018 US$)","Natural capital includes the valuation of renewable and nonrenewable natural capital. Renewable natural capital includes agricultural land (cropland and pastureland), forests (timber, and three ecosystem services: water, recretion and non-wood forest products), protected areas, mangroves and fisheries. Nonrenewable natural capital includes fossil fuel energy (oil, gas, hard and soft coal) and minerals (bauxite, copper, gold, iron ore, lead, nickel, phosphate, silver, tin, and zinc),Values are measured at market exchange rates in constant 2018 US dollars, using a country-specific GDP deflator.","World Bank. 2021. The Changing Wealth of Nations 2021: Managing Assets for the Future. Washington, DC: World Bank. doi:10.1596/978-1-4648-1590-4.",Natural capital
NW.NFA.TO,Net foreign assets (constant 2018 US$),"Net foreign assets is foreign assets minus foreign liabilities. Values are measured at market exchange rates in constant 2018 US dollars, using a country-specific GDP deflator.","World Bank. 2021. The Changing Wealth of Nations 2021: Managing Assets for the Future. Washington, DC: World Bank. doi:10.1596/978-1-4648-1590-4.",Net foreign assets
NW.NFA.PC,Net foreign assets per capita (constant 2018 US$),"Net foreign assets is foreign assets minus foreign liabilities. Values are measured at market exchange rates in constant 2018 US dollars, using a country-specific GDP deflator.","World Bank. 2021. The Changing Wealth of Nations 2021: Managing Assets for the Future. Washington, DC: World Bank. doi:10.1596/978-1-4648-1590-4.",Net foreign assets
NW.PCA.TO,Produced capital (constant 2018 US$),"Produced capital includes the value of machinery, buildings, equipment, and residential and nonresidential urban land. Values are measured at market exchange rates in constant 2018 US dollars, using a country-specific GDP deflator.","World Bank. 2021. The Changing Wealth of Nations 2021: Managing Assets for the Future. Washington, DC: World Bank. doi:10.1596/978-1-4648-1590-4.",Produced capital
NW.PCA.PC,Produced capital per capita (constant 2018 US$),"Produced capital includes the value of machinery, buildings, equipment, and residential and nonresidential urban land. Values are measured at market exchange rates in constant 2018 US dollars, using a country-specific GDP deflator.","World Bank. 2021. The Changing Wealth of Nations 2021: Managing Assets for the Future. Washington, DC: World Bank. doi:10.1596/978-1-4648-1590-4.",Produced capital
NW.TOW.TO,Total wealth (constant 2018 US$),"Total wealth is calculated as the sum of produced capital, natural capital, human capital, and net foreign assets. Values are measured at market exchange rates in constant 2018 US dollars, using a country-specific GDP deflator.","World Bank. 2021. The Changing Wealth of Nations 2021: Managing Assets for the Future. Washington, DC: World Bank. doi:10.1596/978-1-4648-1590-4.",Total wealth
NW.TOW.PC,Total wealth per capita (constant 2018 US$),"Total wealth is calculated as the sum of produced capital, natural capital, human capital, and net foreign assets. Values are measured at market exchange rates in constant 2018 US dollars, using a country-specific GDP deflator.","World Bank. 2021. The Changing Wealth of Nations 2021: Managing Assets for the Future. Washington, DC: World Bank. doi:10.1596/978-1-4648-1590-4.",Total wealth
